{
    "integrators" : {
      "document_code"                : "common_integrator.json",
      "issuing_state"                : "common_integrator.json",
      "name"                         : "common_integrator.json",
      "document_number"              : "common_integrator.json",
      "cd_document_number"           : "common_integrator.json",
      "nationality"                  : "common_integrator.json",
      "date_of_birth"                : "common_integrator.json",
      "cd_date_of_birth"             : "common_integrator.json",
      "sex"                          : "common_integrator.json",
      "date_of_expiry"               : "common_integrator.json",
      "cd_date_of_expiry"            : "common_integrator.json",
      "cd_optional_data2"            : "common_integrator.json",
      "optional_data"                : "common_integrator.json",
      "cd_composite"                 : "common_integrator.json",
      "last_name"                    : "common_integrator.json",
      "last_digit_of_series"         : "common_integrator.json",
      "date_of_issue"                : "common_integrator.json",
      "department_code"              : "common_integrator.json",
      "cd_department_code"           : "common_integrator.json",
      "cd_name"                      : "common_integrator.json",
      "mrz_type"                     : "common_integrator.json",
      "optional_data1"               : "common_integrator.json",
      "optional_data2"               : "common_integrator.json",
      "filler"                       : "common_integrator.json",
      "filler_optdata2"              : "common_integrator.json",
      "id_visa"                      : "common_integrator.json",
      "cd_id_visa"                   : "common_integrator.json",
      "invitation_number"            : "common_integrator.json",
      "cd_invitation_number"         : "common_integrator.json",
      "first_name"                   : "common_integrator.json",
      "second_name"                  : "common_integrator.json",
      "formatted_date_of_expiry"     : "common_integrator.json"
    }
}