{
  "type": "multisequence",
  "settings": {
    "postprocessors" : [
      {
        "type" : "alphabet",
        "settings": {
          "type_app": "const_alph",    
          "mask_str": "0123456789",
          "min_confidence": 0.2,
          "sum_alph_confidence": 0.98,
          "matchs" : {
            "O" : "0",
            "D" : "0",
            "I" : "1"
          }
        }
      },
      {
        "type": "date",
        "settings": {
          "separators_alphabet": "",
          "remove_separators": false,
          "pattern_match_confidence": 0.9,
          "input_patterns": [
            "YYMMDD"
          ],
          "wrdgen_depth": 30,
          "substitution_weight": 0.8,
          "min_date": "01.01.1900",
          "max_date": "CURRENT"
        }
      }
    ]
  }
}