{
  "type": "composite_cd",
  "settings" : {
    "type_field_name": "mrz_type",
    "data_field_name": "cd_composite",
    "substitution_weight": 0.9,
    "fields_list":{
      "MRP":{
        "fields":
          [ "document_number",
            "cd_document_number",
            "formatted_date_of_birth",
            "cd_date_of_birth",
            "formatted_date_of_expiry",
            "cd_date_of_expiry",
            "optional_data2",
            "cd_optional_data2"
          ]
      },
      "TD1":{
        "fields":
        [ "document_number",
          "cd_document_number",
          "optional_data1",
          "formatted_date_of_birth",
          "cd_date_of_birth",
          "formatted_date_of_expiry",
          "cd_date_of_expiry",
          "optional_data2"
        ]
      },
      "TD2":{
        "fields":
        [ "document_number",
          "cd_document_number",
          "formatted_date_of_birth",
          "cd_date_of_birth",
          "formatted_date_of_expiry",
          "cd_date_of_expiry",
          "optional_data2"
        ]
      },
      "CNIS":{
        "fields":
        [ "document_code",
          "issuing_state",
          "last_name",
          "optional_data1",
          "document_number",
          "cd_document_number",
          "name",
          "formatted_date_of_birth",
          "cd_date_of_birth",
          "sex"
        ]
      },
      "M3Z":{
        "fields":
        [ "document_number",
          "cd_document_number",
          "formatted_date_of_birth",
          "cd_date_of_birth",
          "filler",
          "last_digit_of_series",
          "date_of_issue",
          "department_code",
          "filler_optdata2",
          "cd_optional_data2"
        ]
      }
    }
  }
}

