{
  "ocr_postprocessors"    : {
    "pp_country"             : "wrdgen_country.json",
    "pp_nationality"         : "wrdgen_nationality.json",
    "pp_birth_date"          : "wrdgen_birth_date.json",
    "pp_name"                : "name.json",
    "pp_expiry_date"         : "wrdgen_expiry_date.json",
    "pp_sex"                 : "new_sex.json",
    "pp_alphabet"            : "new_number_postprocessor.json",
    "pp_doc_code_mrp"        : "wrdgen_doc_code_mrp.json",
    "pp_doc_code_mrv"        : "wrdgen_doc_code_mrv.json",
    "pp_doc_code_td"         : "wrdgen_doc_code_td.json",
    "pp_doc_code_cnis"       : "wrdgen_doc_code_cnis.json",
    "pp_doc_code_m3z"        : "wrdgen_doc_code_m3z.json",
    "pp_doc_number"          : "wrdgen_doc_number.json",
    "pp_optional_data2_mrp"  : "wrdgen_optdata2_mrp.json",
    "pp_optional_data1"      : "wrdgen_optdata1.json",
    "pp_optional_data2"      : "wrdgen_optdata2.json",
    "pp_name_cnis"           : "wrdgen_name_cnis.json",    
    "pp_alphabet_antinum"    : "new_antinumber_postprocessor.json",
    "pp_lastname_cnis"       : "wrdgen_lastname_cnis.json",
    "pp_alphabet_m3z"        : "new_alphabet_m3z_postprocessor.json",
    "pp_optional_data_m3z"   : "wrdgen_optdata_m3z.json",
    "pp_doc_code_visarus"    : "new_doc_code_visarus.json",
    "pp_id_visa"             : "wrdgen_id_visa.json",
    "pp_invitation_number"   : "wrdgen_invitation_number.json",
    "pp_composite_cd"        : "composite_cd_postprocessor.json",
    "pp_alphabet_num_m3z"    : "new_number_postprocessor_m3z.json",
    "pp_fillers"             : "filler.json",
    "pp_chedl_number"        : "chedl_number.json",
    "pp_chedl_doctype"       : "chedl_doctype.json",
    "pp_chedl_filler"        : "chedl_filler.json",
    "pp_chedl_birthdate"     : "chedl_birthdate.json"
  }
}
