{
  "type": "wrdgen_optdata",
  "settings" : {
    "data_field_name": "optional_data2",
    "type_field_name": "mrz_type",
    "country_field_name":"issuing_state",
    "wrdgen_depth": 200,
    "substitution_weight": 0.9,
    "rare_substitution_weight": 0.1,
    "dictionary_sets":{
        "MRVB" : {
          "is_letter_O_forbidden": true,
          "lengthOfPattern": 8,
          "countries" : {
            "FRA": { "patterns":["<M######", "<#######"]},
            "CHE": { "patterns":["<M######", "<#######"]},
            "CYP": { "patterns":["<M######", "<#######", "TM######"]},
            "CZE": { "patterns":["<M######", "<#######", "********"]},
            "D<<": { "patterns":["<M######", "<#######"]},
            "ITA": { "patterns":["<M######", "<#######"]}, 
            "AUT": { "patterns":["<M######", "<#######"]}, 
            "ESP": { "patterns":["<M######", "<#######"]}, 
            "FIN": { "patterns":["<M######", "<#######"]}, 
            "ISL": { "patterns":["<M######", "<#######"]},
            "LVA": { "patterns":["<M######", "<#######"]}            
	        }
	      },
        "MRVA" : {
          "is_letter_O_forbidden": false,
          "lengthOfPattern": 16,
          "countries" : {           
          }
        }
    }
  }
}
