{
  "type": "wrdgen_optdata",
  "settings" : {
    "data_field_name": "optional_data1",
    "type_field_name": "mrz_type",
    "country_field_name":"issuing_state",
    "wrdgen_depth": 200,
    "substitution_weight": 0.9,
    "rare_substitution_weight": 0.1,
    "dictionary_sets":{
        "CNIS" : {
          "is_letter_O_forbidden": false,
          "lengthOfPattern": 6, 
          "countries" : {
       	    "FRA": {"patterns" : ["######", "##@###", "@@@###", "#@####", "##@###", "<<<<<<"]}
          }        
      	},
        "TD1" : {
          "is_letter_O_forbidden": false,
          "lengthOfPattern": 15, 
          "countries" : {           
          }       
        }
    }
  }
}
