{
  "type": "wrdgen_docnumber",
  "settings" : {
    "data_field_name": "id_visa",
    "cd_field_name": "cd_id_visa",
    "type_field_name": "mrz_type",
    "country_field_name":"issuing_state",
    "wrdgen_depth": 200,
    "substitution_weight": 0.9,
    "rare_substitution_weight": 0.1,
    "dictionary_sets":{      
    	"VISARUS" : {
    	  "is_letter_O_forbidden": false,
          "lengthOfPattern": 9,
          "countries" : {
            "RUS":{"patterns":["@@@??????"]}
          }
    	}    	
    }
  }
}
