{
  "type": "wrdgen_docnumber",
  "settings" : {
    "data_field_name": "document_number",
    "cd_field_name": "cd_document_number",
    "type_field_name": "mrz_type",
    "country_field_name":"issuing_state",
    "wrdgen_depth": 200,
    "substitution_weight": 0.9,
    "rare_substitution_weight": 0.1,
    "dictionary_sets":{
      "MRP":{
          "is_letter_O_forbidden": false,
          "lengthOfPattern": 9,
          "countries" : {
            "D<<" : {"patterns":["#########", "@********"], "isLetterOForbidden" : false},
            "NLD" : {"patterns":["@^^^^^^^^"]},
            "RUS" : {"patterns":["#########"]},
            "GBR" : {"patterns":["#########"]},
            "USA" : {"patterns":["#########", "@####### "]},
            "PAK" : {"patterns":["@@#######"]},
            "CHN" : {"patterns":["^^#######"]},
            "TWN" : {"patterns":["#########"]},
            "FRA" : {"patterns":["##@@#####"]},
            "ESP" : {"patterns":["^********"]}
       		}
      	},
        "MRVB" : {
          "is_letter_O_forbidden": true,
          "lengthOfPattern": 9,
          "countries" : {
            "AUT":  {"patterns":["A########", "#########"]},
            "CHE" : {"patterns":["CHE######", "#########"]},
            "CYP" : {"patterns":["CY#######", "#########"]},
            "CZE" : {"patterns":["CZ#######", "EB#######", "#########"]},
            "D<<" : {"patterns":["D########", "#########"]},
            "FRA" : {"patterns":["F########", "#########"]},
            "ITA" : {"patterns":["I########", "#########"]},
            "PRT" : {"patterns":["P########", "#########"]},
            "LVA" : {"patterns":["#########"]},
            "FIN" : {"patterns":["#######??"]},
            "ESP" : {"patterns":["^^^??????"]},
            "ISL" : {"patterns":["^^^??????"]}
	        }
	      },
        "MRVA" : {
          "is_letter_O_forbidden": true,
          "lengthOfPattern": 9,
          "countries" : {
            "AUT":  {"patterns":["A########", "#########"]},
            "CHE" : {"patterns":["CHE######", "#########"]},
            "CYP" : {"patterns":["CY#######", "#########"]},
            "CZE" : {"patterns":["CZ#######", "EB#######", "#########"]},
            "D<<" : {"patterns":["D########", "#########"]},
            "FRA" : {"patterns":["F########", "#########"]},
            "ITA" : {"patterns":["I########", "#########"]},
            "PRT" : {"patterns":["P########", "#########"]},
            "LVA" : {"patterns":["#########"]},
            "FIN" : {"patterns":["#######??"]},
            "ESP" : {"patterns":["^^^??????"]},
            "ISL" : {"patterns":["^^^??????"]},
            "JPN" : {"patterns":["*********"]}
          }
        },
        "TD1":{
          "is_letter_O_forbidden": false,
          "lengthOfPattern": 9,
          "countries" : {
            "USA" : {"patterns":["#########"]},
            "MEX" : {"patterns":["#########"]},
            "MLT" : {"patterns":["#######??"]}
        	}
      	},
        "CNIS" : {
          "is_letter_O_forbidden": false,
          "lengthOfPattern": 12,
          "countries" : {
       	    "FRA":{"patterns":["####***#####"]}
          }        
      	},
      	"TD2" : {
          "is_letter_O_forbidden": false,
          "lengthOfPattern": 9,
          "countries" : {
            "D<<":{"patterns":["#########"]}
          }
    	},
    	"VISARUS" : {
    	  "is_letter_O_forbidden": false,
          "lengthOfPattern": 12,
          "countries" : {
            "RUS":{"patterns":["*???????????"]}
          }
    	},
    	"M3Z" : {
    	  "is_letter_O_forbidden": true,
          "lengthOfPattern": 9,
          "countries" : {
            "RUS":{"patterns":["#########"]}
          }
    	}
    }
  }
}
