{
  "type": "wrdgen_docnumber",
  "settings" : {
    "data_field_name" : "optional_data2",
    "cd_field_name" : "cd_optional_data2",
    "type_field_name" : "mrz_type",
    "country_field_name" : "issuing_state",
    "wrdgen_depth" : 30,
    "substitution_weight" : 0.9,
    "rare_substitution_weight" : 0.1,
    "dictionary_sets" : {
      "MRP" : {
          "is_letter_O_forbidden" : false,
          "lengthOfPattern" : 14,
          "countries" : {
            ""  : {"patterns" : ["<<<<<<<<<<<<<<"]},

            "PAK" : {"patterns" : ["#############<"]},
            "RUS" : {"patterns" : ["#############<"]},
            "USA" : {"patterns" : ["#########<####"]},
            "ISR" : {"patterns" : ["#<#######<#<<<"]}           
        }
      }
    }
  }
}
