{
  "supported_docsubtypes": {
    "INOPASSPORT":{
      "line_length": 44, "lines_count": 2, 
      "standard_height": 200, "standard_width": 1200
    },
    "TD_1":{
      "line_length": 30, "lines_count":    3, 
      "standard_height": 200, "standard_width": 800
    },
    "TD_2":{
      "line_length": 36, "lines_count":    2, 
      "standard_height": 200, "standard_width": 1200
    },
    "ID_FRANCE":{
      "line_length": 36, "lines_count":    2,
      "standard_height": 200, "standard_width": 1200
    },
    "NATIPASSPORT":{
      "line_length": 44, "lines_count":    2,
      "standard_height": 200, "standard_width": 1200
    },
    "MRV_A":{
      "line_length": 44, "lines_count":    2, 
      "standard_height": 200, "standard_width": 1200
    },
    "MRV_B":{
      "line_length": 36, "lines_count":    2, 
      "standard_height": 200, "standard_width": 1200
    },
    "MRV_RUS":{
      "line_length": 44, "lines_count":    2, 
      "standard_height": 200, "standard_width": 1200
    },
    "CHE_DL":{
      "line_length": 30, "lines_count":    3, 
      "standard_height": 200, "standard_width": 800
    }    
  },
  "segmentation_settings":{
    "count_false": 6,
    "img_zoom": 4,
    "q_err": 0.2,
    "segm_dev_thresh": 0.052,
    "step": 15,
    "thresh_gap": 10,
    "wd_char": 5,
    "wd_gap" : 3,
    "do_second_pass": true,
    "sp_twolined_margin": 0.03,
    "sp_threelined_margin": 0.00,
    "doc_types":[
      {
        "name":"INOPASSPORT", "nLines": 2, "nGaps": 45, "htChar": 7,
        "standard_width": 1200, "wdChar": 5, "wdGap": 2, "realHtCell": 38,
        "gapLine": 17, "gapDelta": 1, "garbageTolerance": 4,
        "lambda1": 1.2, "lambda2": 0.0
      },
      {
        "name":"TD_1", "nLines": 3, "nGaps": 31, "htChar": 8,
        "standard_width": 800, "wdChar": 5, "wdGap": 2, "realHtCell": 36,
        "gapLine": 12, "gapDelta": 2, "garbageTolerance": 4,
        "lambda1": 1.2, "lambda2": 0.5
      },
      {
        "name":"CHE_DL", "nLines": 3, "nGaps": 31, "htChar": 8,
        "standard_width": 800, "wdChar": 5, "wdGap": 2, "realHtCell": 36,
        "gapLine": 12, "gapDelta": 2, "garbageTolerance": 4,
        "lambda1": 1.2, "lambda2": 0.5
      },        
      {
        "name":"TD_1", "nLines": 3, "nGaps": 31, "htChar": 9,
        "standard_width": 1200, "wdChar": 6, "wdGap": 3, "realHtCell": 48,
        "gapLine": 15, "gapDelta": 2, "garbageTolerance": 4,
        "lambda1": 1.2, "lambda2": 0.5
      },
      {
        "name":"TD_2", "nLines": 2, "nGaps": 37, "htChar": 8,
        "standard_width": 1200, "wdChar": 5, "wdGap": 3, "realHtCell": 44,
        "gapLine": 20, "gapDelta": 2, "garbageTolerance": 4,
        "lambda1": 1.0, "lambda2": 1.0
      },
      {
        "name":"MRV_A", "nLines": 2, "nGaps": 45, "htChar": 7,
        "standard_width": 1200, "wdChar": 5, "wdGap": 2, "realHtCell": 38,
        "gapLine": 17, "gapDelta": 1, "garbageTolerance": 4,
        "lambda1": 1.2, "lambda2": 0
      },
      {
        "name":"MRV_B", "nLines": 2, "nGaps": 37, "htChar": 8,
        "standard_width": 1200, "wdChar": 5, "wdGap": 3, "realHtCell": 44,
        "gapLine": 20, "gapDelta": 2, "garbageTolerance": 4,
        "lambda1": 1.2, "lambda2": 0
      },
      {
        "name":"ID_FRANCE", "nLines": 2, "nGaps": 37, "htChar": 8,
        "standard_width": 1200, "wdChar": 5, "wdGap": 3, "realHtCell": 44,
        "gapLine": 20, "gapDelta": 2, "garbageTolerance": 4,
        "lambda1": 1.2, "lambda2": 0
      },
      {
        "name":"NATIPASSPORT", "nLines": 2, "nGaps": 45, "htChar": 7,
        "standard_width": 1200, "wdChar": 5, "wdGap": 3, "realHtCell": 32,
        "gapLine": 17, "gapDelta": 2, "garbageTolerance": 4,
        "lambda1": 1.2, "lambda2": 0
      },
      {
        "name":"MRV_RUS", "nLines": 2, "nGaps": 45, "htChar": 7,
        "standard_width": 1200, "wdChar": 5, "wdGap": 2, "realHtCell": 38,
        "gapLine": 17, "gapDelta": 1, "garbageTolerance": 4,
        "lambda1": 1.2, "lambda2": 0
      }
    ]
  },
  "rejection_settings": {
    "focus_threshold": 65,
    "garbage_filtering_enabled": true,
    "salient_fields_threshold": 2,
    "field_reject_threshold":{
      "default": 0.65, 
      "doc_type": 0.7,
      "document_code": 0.7,
      "sex"    : 0.8,
      "name"   : 0.7,
      "nationality" : 0.8,
      "optional_data1": 0.8, 
      "optional_data2": 0.8, 
      "issuing_state": 0.8, 
      "document_number" : 0.8,
      "date_of_birth": 0.7,
      "date_of_expiry" : 0.7
    }
  },
  "recognition_settings":{
    "recognizer_path": "mrzocr/network_6_packed.pb",
    "should_use_aux_recognizer": false,
    "output_pins": "0123456789ABCDEFGHIJKLMNOPQRSTUVWXYZ<",
    "max_focus_trust": 1.0,
    "min_focus_trust": 0.6,
    "should_oscillate": false,
    "should_prescale": false,
    "should_autocontrast": false,
    "should_preshift": false
  },
  "preprocessing_settings": {
    "grayscaling_method": "average",
    "roi_compatibility_tolerance": 0.05
  },
  "image_check_settings": {
    "focus_threshold": 85,
    "intensity_threshold": 70
  },
  
  "integrations_count": 4,

  "anywhere_settings": {
    "anywhere_config_path": "mrzanywhere/anywhere.json",
    "standard_zone":{
      "TD_1":{ "x": 28, "y":330, "width":800, "height":200 }
    },
    "standard_size":{
      "TD_1": {"width": 856, "height": 540}
    }
  },
  "smartcontexts_settings_path": "smartmrz/contexts/mrzcontexts.json"
}
